CREATE database pizza_runner


DROP TABLE IF EXISTS pizza_runner_runners
CREATE TABLE pizza_runner_runners (
  runner_id Int8,
  registration_date DATE
)
ENGINE=MergeTree() ORDER BY runner_id

INSERT INTO pizza_runner_runners
  (runner_id, registration_date)
VALUES
  (1, '2021-01-01'),
  (2, '2021-01-03'),
  (3, '2021-01-08'),
  (4, '2021-01-15')


DROP TABLE IF EXISTS pizza_runner_customer_orders
CREATE TABLE pizza_runner_customer_orders (
  order_id Int8,
  customer_id Int8,
  pizza_id Int8,
  exclusions String,
  extras String,
  order_time TIMESTAMP
);
ENGINE=MergeTree() ORDER BY order_id

INSERT INTO pizza_runner_customer_orders
  (order_id, customer_id, pizza_id, exclusions, extras, order_time)
VALUES
  ('1', '101', '1', '', '', '2020-01-01 18:05:02'),
  ('2', '101', '1', '', '', '2020-01-01 19:00:52'),
  ('3', '102', '1', '', '', '2020-01-02 23:51:23'),
  ('3', '102', '2', '', NULL, '2020-01-02 23:51:23'),
  ('4', '103', '1', '4', '', '2020-01-04 13:23:46'),
  ('4', '103', '1', '4', '', '2020-01-04 13:23:46'),
  ('4', '103', '2', '4', '', '2020-01-04 13:23:46'),
  ('5', '104', '1', 'null', '1', '2020-01-08 21:00:29'),
  ('6', '101', '2', 'null', 'null', '2020-01-08 21:03:13'),
  ('7', '105', '2', 'null', '1', '2020-01-08 21:20:29'),
  ('8', '102', '1', 'null', 'null', '2020-01-09 23:54:33'),
  ('9', '103', '1', '4', '1, 5', '2020-01-10 11:22:59'),
  ('10', '104', '1', 'null', 'null', '2020-01-11 18:34:49'),
  ('10', '104', '1', '2, 6', '1, 4', '2020-01-11 18:34:49');


DROP TABLE IF EXISTS pizza_runner_runner_orders;
CREATE TABLE pizza_runner_runner_orders (
  order_id Int8,
  runner_id Int8,
  pickup_time String,
  distance String,
  duration String,
  cancellation String
)
ENGINE=MergeTree() ORDER BY order_id


INSERT INTO pizza_runner_runner_orders
  (order_id, runner_id, pickup_time, distance, duration, cancellation)
VALUES
  ('1', '1', '2020-01-01 18:15:34', '20km', '32 minutes', ''),
  ('2', '1', '2020-01-01 19:10:54', '20km', '27 minutes', ''),
  ('3', '1', '2020-01-03 00:12:37', '13.4km', '20 mins', NULL),
  ('4', '2', '2020-01-04 13:53:03', '23.4', '40', NULL),
  ('5', '3', '2020-01-08 21:10:57', '10', '15', NULL),
  ('6', '3', 'null', 'null', 'null', 'Restaurant Cancellation'),
  ('7', '2', '2020-01-08 21:30:45', '25km', '25mins', 'null'),
  ('8', '2', '2020-01-10 00:15:02', '23.4 km', '15 minute', 'null'),
  ('9', '2', 'null', 'null', 'null', 'Customer Cancellation'),
  ('10', '1', '2020-01-11 18:50:20', '10km', '10minutes', 'null');


DROP TABLE IF EXISTS pizza_runner_pizza_names;
CREATE TABLE dwh.pizza_runner_pizza_runner_pizza_names (
  pizza_id Int8,
  pizza_name String
)
ENGINE=MergeTree() ORDER BY pizza_id

INSERT INTO pizza_runner_pizza_names
  (pizza_id, pizza_name)
VALUES
  (1, 'Meatlovers'),
  (2, 'Vegetarian')


DROP TABLE IF EXISTS pizza_runner_pizza_recipes;
CREATE TABLE pizza_runner_pizza_recipes (
  pizza_id Int8,
  toppings String
)
ENGINE=MergeTree() ORDER BY pizza_id

INSERT INTO pizza_runner_pizza_recipes
  (pizza_id, toppings)
VALUES
  (1, '1, 2, 3, 4, 5, 6, 8, 10'),
  (2, '4, 6, 7, 9, 11, 12');


DROP TABLE IF EXISTS pizza_runner_pizza_toppings;
CREATE TABLE pizza_runner_pizza_toppings (
  topping_id INTEGER,
  topping_name TEXT
)
ENGINE=MergeTree() ORDER BY topping_id
;
INSERT INTO pizza_runner_pizza_toppings
  (topping_id, topping_name)
VALUES
  (1, 'Bacon'),
  (2, 'BBQ Sauce'),
  (3, 'Beef'),
  (4, 'Cheese'),
  (5, 'Chicken'),
  (6, 'Mushrooms'),
  (7, 'Onions'),
  (8, 'Pepperoni'),
  (9, 'Peppers'),
  (10, 'Salami'),
  (11, 'Tomatoes'),
  (12, 'Tomato Sauce');